geo_level,geo_code,geoid,name,total,No,Unspecified,Yes
country,ZA,country-ZA,South Africa,9886916,344992,50430,9491494
municipality,WC044,municipality-WC044,George,32616,379,127,32110
municipality,WC047,municipality-WC047,Bitou,7572,195,19,7358
municipality,WC048,municipality-WC048,Knysna,10615,356,29,10230
municipality,WC051,municipality-WC051,Laingsburg,1177,11,6,1160
municipality,WC052,municipality-WC052,Prince Albert,2227,7,1,2219
municipality,WC053,municipality-WC053,Beaufort West,8126,49,70,8007
municipality,MP303,municipality-MP303,Mkhondo,30525,471,109,29945
municipality,MP311,municipality-MP311,Victor Khanye,13535,514,79,12942
municipality,MP322,municipality-MP322,Mbombela,124575,4290,531,119754
municipality,NW373,municipality-NW373,Rustenburg,94936,7640,623,86673
municipality,NW384,municipality-NW384,Ditsobotla,29720,460,57,29203
municipality,NW396,municipality-NW396,Lekwa-Teemane,9567,106,25,9436
municipality,NC062,municipality-NC062,Nama Khoi,7484,49,5,7430
municipality,NC071,municipality-NC071,Ubuntu,3079,43,6,3030
municipality,NC077,municipality-NC077,Siyathemba,3468,40,7,3421
municipality,NC085,municipality-NC085,Tsantsabane,6422,68,15,6339
municipality,NC094,municipality-NC094,Phokwane,11411,120,24,11267
municipality,WC012,municipality-WC012,Cederberg,8037,226,53,7758
municipality,WC024,municipality-WC024,Stellenbosch,32264,841,289,31134
municipality,WC033,municipality-WC033,Cape Agulhas,5242,154,50,5038
municipality,WC045,municipality-WC045,Oudtshoorn,16354,79,24,16251
municipality,EC102,municipality-EC102,Blue Crane Route,5857,40,22,5795
municipality,EC103,municipality-EC103,Ikwezi,1662,22,6,1634
municipality,EC104,municipality-EC104,Makana,13753,291,57,13405
municipality,EC106,municipality-EC106,Sundays River Valley,9365,335,22,9008
municipality,EC107,municipality-EC107,Baviaans,2794,21,2,2771
municipality,EC108,municipality-EC108,Kouga,15720,282,79,15359
municipality,EC109,municipality-EC109,Kou-Kamma,6672,185,27,6460
municipality,EC121,municipality-EC121,Mbhashe,52649,192,171,52286
municipality,EC123,municipality-EC123,Great Kei,6666,18,38,6610
municipality,EC124,municipality-EC124,Amahlathi,22059,93,37,21929
municipality,EC126,municipality-EC126,Ngqushwa,11954,58,36,11860
municipality,EC127,municipality-EC127,Nkonkobe,20924,199,73,20652
municipality,EC131,municipality-EC131,Inxuba Yethemba,10970,85,30,10855
municipality,EC132,municipality-EC132,Tsolwana,6263,84,34,6145
municipality,EC133,municipality-EC133,Inkwanca,4122,44,15,4063
municipality,EC134,municipality-EC134,Lukanji,36389,525,86,35778
municipality,EC136,municipality-EC136,Emalahleni,22263,205,83,21975
municipality,EC137,municipality-EC137,Engcobo,29896,180,378,29338
municipality,EC138,municipality-EC138,Sakhisizwe,12644,115,109,12420
municipality,EC141,municipality-EC141,Elundini,28411,331,135,27945
municipality,EC142,municipality-EC142,Senqu,27396,985,162,26249
municipality,EC143,municipality-EC143,Maletswai,8097,102,23,7972
municipality,EC153,municipality-EC153,Ngquza Hill,59427,205,217,59005
municipality,EC154,municipality-EC154,Port St Johns,34389,52,161,34176
municipality,EC155,municipality-EC155,Nyandeni,64655,183,313,64159
municipality,EC156,municipality-EC156,Mhlontlo,40277,136,258,39883
municipality,EC441,municipality-EC441,Matatiele,41021,701,361,39959
municipality,EC442,municipality-EC442,Umzimvubu,39664,163,323,39178
municipality,EC443,municipality-EC443,Mbizana,60208,129,338,59741
municipality,EC444,municipality-EC444,Ntabankulu,26569,84,75,26410
municipality,FS161,municipality-FS161,Letsemeng,6733,60,7,6666
municipality,FS162,municipality-FS162,Kopanong,8384,104,11,8269
municipality,FS163,municipality-FS163,Mohokare,6421,118,6,6297
municipality,FS181,municipality-FS181,Masilonyana,10944,158,61,10725
municipality,FS182,municipality-FS182,Tokologo,4970,63,13,4894
municipality,FS183,municipality-FS183,Tswelopele,8870,84,8,8778
municipality,FS184,municipality-FS184,Matjhabeng,75962,2963,214,72785
municipality,FS185,municipality-FS185,Nala,14927,148,33,14746
municipality,FS192,municipality-FS192,Dihlabeng,22404,279,33,22092
municipality,FS193,municipality-FS193,Nketoana,11392,90,16,11286
municipality,FS194,municipality-FS194,Maluti a Phofung,72911,511,137,72263
municipality,FS195,municipality-FS195,Phumelela,8899,114,4,8781
municipality,FS201,municipality-FS201,Moqhaka,26470,325,57,26088
municipality,FS203,municipality-FS203,Ngwathe,21159,317,42,20800
municipality,FS204,municipality-FS204,Metsimaholo,26671,569,94,26008
municipality,FS205,municipality-FS205,Mafube,10803,110,30,10663
municipality,GT421,municipality-GT421,Emfuleni,137855,4852,703,132300
municipality,GT423,municipality-GT423,Lesedi,16975,677,84,16214
municipality,GT481,municipality-GT481,Mogale City,61201,4591,379,56231
municipality,GT482,municipality-GT482,Randfontein,25429,1128,133,24168
municipality,GT483,municipality-GT483,Westonaria,20140,2536,128,17476
municipality,KZN211,municipality-KZN211,Vulamehlo,15935,13,104,15818
municipality,KZN212,municipality-KZN212,Umdoni,14818,52,75,14691
municipality,KZN213,municipality-KZN213,Umzumbe,33441,61,115,33265
municipality,KZN214,municipality-KZN214,UMuziwabantu,20550,45,56,20449
municipality,KZN215,municipality-KZN215,Ezingoleni,10861,21,21,10819
municipality,KZN221,municipality-KZN221,uMshwathi,22178,190,103,21885
municipality,KZN222,municipality-KZN222,uMngeni,15706,550,90,15066
municipality,KZN223,municipality-KZN223,Mpofana,7273,87,54,7132
municipality,KZN224,municipality-KZN224,Impendle,6857,24,25,6808
municipality,KZN225,municipality-KZN225,The Msunduzi,124237,1762,608,121867
municipality,KZN226,municipality-KZN226,Mkhambathini,12647,135,17,12495
municipality,KZN232,municipality-KZN232,Emnambithi/Ladysmith,46170,376,207,45587
municipality,KZN233,municipality-KZN233,Indaka,21866,26,68,21772
municipality,KZN234,municipality-KZN234,Umtshezi,16072,116,90,15866
municipality,KZN235,municipality-KZN235,Okhahlamba,26415,159,55,26201
municipality,KZN236,municipality-KZN236,Imbabazane,23912,31,102,23779
municipality,KZN242,municipality-KZN242,Nqutu,34986,90,60,34836
municipality,KZN244,municipality-KZN244,Msinga,36125,58,172,35895
municipality,KZN245,municipality-KZN245,Umvoti,20838,121,63,20654
municipality,KZN252,municipality-KZN252,Newcastle,75163,644,280,74239
municipality,KZN254,municipality-KZN254,Dannhauser,21651,63,29,21559
municipality,KZN261,municipality-KZN261,eDumbe,17002,165,61,16776
municipality,KZN262,municipality-KZN262,UPhongolo,28089,589,96,27404
municipality,KZN263,municipality-KZN263,Abaqulusi,42523,241,225,42057
municipality,KZN265,municipality-KZN265,Nongoma,43231,107,230,42894
municipality,KZN266,municipality-KZN266,Ulundi,39695,147,143,39405
municipality,KZN272,municipality-KZN272,Jozini,41474,310,172,40992
municipality,KZN273,municipality-KZN273,The Big 5 False Bay,7481,56,126,7299
municipality,KZN274,municipality-KZN274,Hlabisa,15989,33,76,15880
municipality,KZN275,municipality-KZN275,Mtubatuba,37293,311,276,36706
municipality,KZN281,municipality-KZN281,Mfolozi,26388,134,226,26028
municipality,KZN283,municipality-KZN283,Ntambanana,16530,39,125,16366
municipality,KZN284,municipality-KZN284,uMlalazi,45337,296,250,44791
municipality,KZN285,municipality-KZN285,Mthonjaneni,9718,89,26,9603
municipality,KZN286,municipality-KZN286,Nkandla,24302,40,72,24190
municipality,KZN291,municipality-KZN291,Mandeni,29135,376,109,28650
municipality,KZN293,municipality-KZN293,Ndwedwe,29554,73,114,29367
municipality,KZN294,municipality-KZN294,Maphumulo,20652,45,126,20481
municipality,KZN431,municipality-KZN431,Ingwe,20904,92,72,20740
municipality,KZN432,municipality-KZN432,Kwa Sani,2258,23,9,2226
municipality,KZN434,municipality-KZN434,Ubuhlebezwe,21054,68,94,20892
municipality,KZN435,municipality-KZN435,Umzimkhulu,39335,94,240,39001
municipality,LIM331,municipality-LIM331,Greater Giyani,57527,1240,160,56127
municipality,LIM332,municipality-LIM332,Greater Letaba,49850,1752,134,47964
municipality,LIM333,municipality-LIM333,Greater Tzaneen,82671,2103,202,80366
municipality,LIM335,municipality-LIM335,Maruleng,20622,261,62,20299
municipality,LIM341,municipality-LIM341,Musina,12886,4274,129,8483
municipality,LIM342,municipality-LIM342,Mutale,20359,384,70,19905
municipality,LIM343,municipality-LIM343,Thulamela,141558,4458,402,136698
municipality,LIM344,municipality-LIM344,Makhado,109391,3639,334,105418
municipality,LIM351,municipality-LIM351,Blouberg,36381,850,94,35437
municipality,LIM353,municipality-LIM353,Molemole,22480,993,51,21436
municipality,LIM354,municipality-LIM354,Polokwane,131206,4638,385,126183
municipality,LIM355,municipality-LIM355,Lepele-Nkumpi,47559,734,121,46704
municipality,LIM361,municipality-LIM361,Thabazimbi,12940,1162,61,11717
municipality,LIM362,municipality-LIM362,Lephalale,22419,1469,94,20856
municipality,LIM365,municipality-LIM365,Modimolle,12380,787,56,11537
municipality,LIM366,municipality-LIM366,Bela-Bela,11262,572,36,10654
municipality,BUF,municipality-BUF,Buffalo City,136181,1370,641,134170
municipality,EC101,municipality-EC101,Camdeboo,8274,31,32,8211
municipality,EC105,municipality-EC105,Ndlambe,9536,158,41,9337
municipality,EC122,municipality-EC122,Mnquma,49060,170,189,48701
municipality,EC128,municipality-EC128,Nxuba,3877,51,9,3817
municipality,EC135,municipality-EC135,Intsika Yethu,26432,224,111,26097
municipality,EC144,municipality-EC144,Gariep,5799,66,18,5715
municipality,EC157,municipality-EC157,King Sabata Dalindyebo,99986,733,466,98787
municipality,NMA,municipality-NMA,Nelson Mandela Bay,208282,3670,973,203639
municipality,FS164,municipality-FS164,Naledi,4785,126,10,4649
municipality,FS191,municipality-FS191,Setsoto,21337,426,34,20877
municipality,FS196,municipality-FS196,Mantsopa,9643,274,18,9351
municipality,MAN,municipality-MAN,Mangaung,146807,4040,433,142334
municipality,EKU,municipality-EKU,Ekurhuleni,564110,37309,3470,523331
municipality,GT422,municipality-GT422,Midvaal,15038,1246,133,13659
municipality,GT484,municipality-GT484,Merafong City,33221,2385,206,30630
municipality,JHB,municipality-JHB,City of Johannesburg,767187,88966,6756,671465
municipality,TSH,municipality-TSH,City of Tshwane,524206,33748,3223,487235
municipality,ETH,municipality-ETH,eThekwini,697570,10758,4405,682407
municipality,KZN216,municipality-KZN216,Hibiscus Coast,49407,233,293,48881
municipality,KZN227,municipality-KZN227,Richmond,12625,179,26,12420
municipality,KZN241,municipality-KZN241,Endumeni,12606,99,42,12465
municipality,KZN253,municipality-KZN253,Emadlangeni,6444,46,10,6388
municipality,KZN271,municipality-KZN271,Umhlabuyalingana,33535,189,142,33204
municipality,KZN282,municipality-KZN282,uMhlathuze,68950,752,372,67826
municipality,KZN292,municipality-KZN292,KwaDukuza,45473,1680,131,43662
municipality,KZN433,municipality-KZN433,Greater Kokstad,13606,135,61,13410
municipality,LIM334,municipality-LIM334,Ba-Phalaborwa,30036,756,90,29190
municipality,LIM352,municipality-LIM352,Aganang,27546,295,66,27185
municipality,LIM364,municipality-LIM364,Mookgopong,6074,920,34,5120
municipality,LIM367,municipality-LIM367,Mogalakwena,64077,1262,149,62666
municipality,LIM471,municipality-LIM471,Ephraim Mogale,25344,1601,108,23635
municipality,LIM472,municipality-LIM472,Elias Motsoaledi,52346,1404,134,50808
municipality,LIM473,municipality-LIM473,Makhuduthamaga,56376,406,126,55844
municipality,LIM474,municipality-LIM474,Fetakgomo,19289,167,99,19023
municipality,LIM475,municipality-LIM475,Greater Tubatse,71224,899,169,70156
municipality,MP301,municipality-MP301,Albert Luthuli,41565,956,106,40503
municipality,MP302,municipality-MP302,Msukaligwa,28685,481,122,28082
municipality,MP304,municipality-MP304,Pixley Ka Seme,15939,131,51,15757
municipality,MP305,municipality-MP305,Lekwa,20777,305,56,20416
municipality,MP306,municipality-MP306,Dipaleseng,7927,93,34,7800
municipality,MP307,municipality-MP307,Govan Mbeki,56242,1795,303,54144
municipality,MP312,municipality-MP312,Emalahleni,74978,3308,309,71361
municipality,MP313,municipality-MP313,Steve Tshwete,41011,1585,228,39198
municipality,MP314,municipality-MP314,Emakhazeni,8434,231,25,8178
municipality,MP315,municipality-MP315,Thembisile,64643,1013,233,63397
municipality,MP316,municipality-MP316,Dr JS Moroka,52032,646,151,51235
municipality,MP321,municipality-MP321,Thaba Chweu,16702,716,97,15889
municipality,MP323,municipality-MP323,Umjindi,12035,781,55,11199
municipality,MP324,municipality-MP324,Nkomazi,92194,6800,725,84669
municipality,MP325,municipality-MP325,Bushbuckridge,125754,822,301,124631
municipality,NW371,municipality-NW371,Moretele,35190,557,73,34560
municipality,NW372,municipality-NW372,Madibeng,86076,9710,367,75999
municipality,NW374,municipality-NW374,Kgetlengrivier,8810,344,42,8424
municipality,NW375,municipality-NW375,Moses Kotane,42599,1026,114,41459
municipality,NW381,municipality-NW381,Ratlou,19712,117,46,19549
municipality,NW382,municipality-NW382,Tswaing,23271,129,38,23104
municipality,NW383,municipality-NW383,Mafikeng,58043,1052,133,56858
municipality,NW385,municipality-NW385,Ramotshere Moiloa,26142,439,50,25653
municipality,NW392,municipality-NW392,Naledi,11813,128,35,11650
municipality,NW393,municipality-NW393,Mamusa,11126,97,21,11008
municipality,NW394,municipality-NW394,Greater Taung,33441,233,100,33108
municipality,NW397,municipality-NW397,Kagisano/Molopo,18691,150,137,18404
municipality,NW401,municipality-NW401,Ventersdorp,9913,161,23,9729
municipality,NW402,municipality-NW402,Tlokwe City Council,32779,716,135,31928
municipality,NW403,municipality-NW403,City of Matlosana,70522,2113,219,68190
municipality,NW404,municipality-NW404,Maquassi Hills,14123,123,35,13965
municipality,NC061,municipality-NC061,Richtersveld,1723,6,6,1711
municipality,NC064,municipality-NC064,Kamiesberg,1308,6,1,1301
municipality,NC065,municipality-NC065,Hantam,3311,17,11,3283
municipality,NC066,municipality-NC066,Karoo Hoogland,1605,2,2,1601
municipality,NC067,municipality-NC067,Kh√¢i-Ma,2158,15,9,2134
municipality,NC072,municipality-NC072,Umsobomvu,4798,48,5,4745
municipality,NC073,municipality-NC073,Emthanjeni,7070,65,11,6994
municipality,NC074,municipality-NC074,Kareeberg,1739,6,0,1733
municipality,NC075,municipality-NC075,Renosterberg,1727,16,17,1694
municipality,NC076,municipality-NC076,Thembelihle,2697,24,4,2669
municipality,NC078,municipality-NC078,Siyancuma,6170,49,22,6099
municipality,NC081,municipality-NC081,Mier,1132,12,1,1119
municipality,NC082,municipality-NC082,Kai !Garib,14042,75,30,13937
municipality,NC083,municipality-NC083,//Khara Hais,16685,223,39,16423
municipality,NC084,municipality-NC084,!Kheis,2485,26,1,2458
municipality,NC086,municipality-NC086,Kgatelopele,3316,21,2,3293
municipality,NC091,municipality-NC091,Sol Plaatjie,43669,489,130,43050
municipality,NC092,municipality-NC092,Dikgatlong,8169,113,20,8036
municipality,NC093,municipality-NC093,Magareng,4382,39,7,4336
municipality,NC451,municipality-NC451,Joe Morolong,16163,167,37,15959
municipality,NC452,municipality-NC452,Ga-Segonyana,17881,259,55,17567
municipality,NC453,municipality-NC453,Gamagara,7157,107,33,7017
municipality,CPT,municipality-CPT,City of Cape Town,661974,25430,4875,631669
municipality,WC011,municipality-WC011,Matzikama,11327,123,96,11108
municipality,WC013,municipality-WC013,Bergrivier,9517,202,91,9224
municipality,WC014,municipality-WC014,Saldanha Bay,17073,265,133,16675
municipality,WC015,municipality-WC015,Swartland,18028,235,63,17730
municipality,WC022,municipality-WC022,Witzenberg,21404,828,134,20442
municipality,WC023,municipality-WC023,Drakenstein,45044,707,404,43933
municipality,WC025,municipality-WC025,Breede Valley,29058,1054,157,27847
municipality,WC026,municipality-WC026,Langeberg,16930,457,214,16259
municipality,WC031,municipality-WC031,Theewaterskloof,18629,375,253,18001
municipality,WC032,municipality-WC032,Overstrand,11464,368,128,10968
municipality,WC034,municipality-WC034,Swellendam,5870,125,14,5731
municipality,WC041,municipality-WC041,Kannaland,4058,32,26,4000
municipality,WC042,municipality-WC042,Hessequa,7627,71,36,7520
municipality,WC043,municipality-WC043,Mossel Bay,13729,191,120,13418
